[
  {
    "id":109,
    "source":0,
    "property_preprocess":false,
    "name":"moc_hooks",
    "description":"",
    "editor_type":0,
    "category":0,
    "cache_type":0,
    "locked":false,
    "properties":[
      
    ],
    "moduleguid":"",
    "static":false,
    "static_file":"",
    "filename":"moc_hooks.snippet.php",
    "category_name":"matrixorgclient"
  },
  {
    "id":108,
    "source":0,
    "property_preprocess":false,
    "name":"moc_getNotifications",
    "description":"",
    "editor_type":0,
    "category":0,
    "cache_type":0,
    "locked":false,
    "properties":null,
    "moduleguid":"",
    "static":false,
    "static_file":"",
    "filename":"moc_getnotifications.snippet.php",
    "category_name":"matrixorgclient"
  },
  {
    "id":107,
    "source":0,
    "property_preprocess":false,
    "name":"moc_test",
    "description":"",
    "editor_type":0,
    "category":0,
    "cache_type":0,
    "locked":false,
    "properties":[
      
    ],
    "moduleguid":"",
    "static":false,
    "static_file":"",
    "filename":"moc_test.snippet.php",
    "category_name":"matrixorgclient"
  },
  {
    "id":110,
    "source":0,
    "property_preprocess":false,
    "name":"moc_collectComments",
    "description":"",
    "editor_type":0,
    "category":0,
    "cache_type":0,
    "locked":false,
    "properties":[
      
    ],
    "moduleguid":"",
    "static":false,
    "static_file":"",
    "filename":"moc_collectcomments.snippet.php",
    "category_name":"matrixorgclient"
  }
]