[
  {
    "id":179,
    "source":0,
    "property_preprocess":false,
    "name":"moc_access_token",
    "description":"Chunk",
    "editor_type":0,
    "category":0,
    "cache_type":0,
    "locked":false,
    "properties":null,
    "static":false,
    "static_file":"",
    "filename":"moc_access_token.chunk.html",
    "category_name":"matrixorgclient"
  },
  {
    "id":178,
    "source":0,
    "property_preprocess":false,
    "name":"moc_debug",
    "description":"",
    "editor_type":0,
    "category":0,
    "cache_type":0,
    "locked":false,
    "properties":null,
    "static":false,
    "static_file":"",
    "filename":"moc_debug.chunk.html",
    "category_name":"matrixorgclient"
  },
  {
    "id":180,
    "source":0,
    "property_preprocess":false,
    "name":"moc_access_token_rgmarktheidenfeld",
    "description":"Chunk",
    "editor_type":0,
    "category":0,
    "cache_type":0,
    "locked":false,
    "properties":null,
    "static":false,
    "static_file":"",
    "filename":"moc_access_token_rgmarktheidenfeld.chunk.html",
    "category_name":"matrixorgclient"
  },
  {
    "id":182,
    "source":0,
    "property_preprocess":false,
    "name":"moc_access_token_BrunoP",
    "description":"Chunk",
    "editor_type":0,
    "category":0,
    "cache_type":0,
    "locked":false,
    "properties":null,
    "static":false,
    "static_file":"",
    "filename":"moc_access_token_brunop.chunk.html",
    "category_name":"matrixorgclient"
  }
]